Names;Date of Birth;Phone;Address;Credit Card;Email
Heather Baker;2000-05-10;(+57) 318 814 77 15;Ricaurte Street 2030;5555555555554444;h.baker@randatmail.com
Julian Kelley;2001-05-11;(+57) 315 814 78 16;Ricaurte Street 2031;3530111333300000;j.kelley@randatmail.com
Justin Phillips;2000-05-11;(+57) 318 814 77 16;Ricaurte Street 2032;6011111111111117;j.phillips@randatmail.com
Michael Cunningham;2001-05-12;(+57) 315 814 78 17;Ricaurte Street 2033;30569309025904;m.cunningham@randatmail.com
Darcy Hamilton;2000-05-12;(+57) 318 814 77 17;Ricaurte Street 2034;30569309025904;d.hamilton@randatmail.com
April Hamilton;2001-05-13;(+57) 315 814 78 18;Ricaurte Street 2035;5555555555554444;a.hamilton@randatmail.com
Edgar Andrews;20000513;(+57) 318 814 77 18;Ricaurte Street 2036;3530111333300000;e.andrews@randatmail.com
Haris Russell;2001-05-14;(+57) 315 NO VALID;Ricaurte Street 2037;6011111111111117;h.russell@randatmail.com
Brianna Riley;2000-05-14;(+57) 318 814 77 19;Ricaurte Street 2038;1234567890123456;b.riley@randatmail.com
Gianna Stevens;2001-05-15;(+57) 315 814 78 20;Ricaurte Street 2039;3530111333300000;g.stevens.randatmail.com